Logo;Symbol;bloc;rank;size;jap_release;year;month;day;code;ref_code;en_name;jap_name;kind
Ok;Ok;Original;1;102;October 20, 1996;1996;10;20;base1;;Base Set;第1弾スターターパック & 第1弾拡張パック;classic
Ok;Ok;Original;2;48;March 5, 1997;1997;3;5;base2;;Jungle;ポケモンジャングル;classic
Ok;Ok;Original;3;48;June 21, 1997;1997;6;21;base3;;The Mystery of the Fossils;化石の秘密;classic
Ok;Ok;Original;4;65;November 21, 1997;1997;11;21;base4;;Rocket Gang;ロケット団;classic
Ok;Ok;Original;5;36;;1998;3;23;vms1;;Vending Machine Serie 1 (Blue);拡張シート 1;spe
Ok;Ok;Original;6;36;;1998;6;17;vms2;;Vending Machine Serie 2 (Red);拡張シート 2;spe
Ok;Ok;Original;7;53;;1998;11;24;vms3;;Vending Machine Serie 3 (Green);拡張シート 3;spe
Ok;Ok;Original;8;96;October 24, 1998;1998;10;24;gym1;;Leaders' Stadium;ジム拡張第1弾 リーダーズスタジアム;classic
Ok;Ok;Original;9;98;June 25, 1999;1999;6;25;gym2;;Challenge from the Darkness;ジム拡張第2弾 闇からの挑戦;classic
Ok;Ok;Original;10;18;;1999;7;17;si;;Southern Islands;サザンアイランド;spe
Ok;Ok;Original;11;41;;1999;7;30;ipbd;;Bulbasaur Deck (Intro Pack);;spedeck
Ok;Ok;Original;12;41;;1999;7;30;ipsd;;Squirtle Deck (Intro Pack);;spedeck
Ok;Ok;Neo;13;96;December 10, 1999;1999;12;10;neo1;;Gold, Silver, to a New World...;金、銀、新世界へ...;classic
Ok;Ok;Neo;14;57;July 7, 2000;2000;7;7;neo2;;Crossing the Ruins...;遺跡をこえて...;classic
Ok;Ok;Neo;15;57;January 1, 2001;2001;1;1;neo3;;Awakening Legends;めざめる伝説;classic
Ok;Ok;Neo;16;113;March 9, 2001;2001;3;9;neo4;;Darkness, and to Light...;闇、そして光へ...;classic
Ok;Ok;Neo;17;40;;2001;4;6;chdsd;;Chikorita Half Deck & Side Deck;;spedeck
Ok;Ok;Neo;18;40;;2001;4;6;thdsd;;Totodile Half Deck & Side Deck;;spedeck
Ok;Ok;E-Card;19;151;August 19, 2001;2001;8;19;ecardvs;;Pokemon Card VS;ポケモンカード★VS;classic
Ok;Ok;E-Card;20;48;October 20, 2001;2001;10;20;ecardweb;;Pokemon Card Web;ポケモンカード★web;classic
Ok;Ok;E-Card;21;47;;2001;7;1;ppc;;P Promotional cards;;promo
Ok;Ok;E-Card;22;2;;2001;8;1;jpc;;J Promotional cards;;promo
Ok;Ok;E-Card;23;24;;2002;1;1;tpc;;T Promotional cards;;promo
Ok;Ok;E-Card;24;128;December 1, 2001;2001;12;1;ecard1;;Base Expansion Pack;基本拡張パック;classic
Ok;Ok;E-Card;25;18;;2002;1;26;mdpmp;;McDonald's Pokémon-e Minimum Pack;マクドナルドオリジナル ミニマム★パック;macdo
Ok;Ok;E-Card;26;92;March 8, 2002;2002;3;8;ecard2;;The Town on No Map;地図にない町;classic
Ok;Ok;E-Card;27;87;May 24, 2002;2002;5;24;ecard3;;Wind from the Sea;海からの風;classic
Ok;Ok;E-Card;28;18;;2002;7;13;tlvsp;;Theater Limited VS Pack;劇場限定VSパック;spedeck
Ok;Ok;E-Card;29;88;August 24, 2002;2002;8;24;ecard4;;Split Earth;裂けた大地;classic
Ok;Ok;E-Card;30;88;October 4, 2002;2002;10;4;ecard5;;Mysterious Mountains;神秘なる山;classic
Ok;Ok;ADV;31;55;January 31, 2003;2003;1;31;adv1;;Expansion Pack;拡張パック;classic
Ok;Ok;ADV;32;53;April 18, 2003;2003;4;18;adv2;;Miracle of the Desert;砂漠のきせき;classic
Ok;Ok;ADV;33;54;June 25, 2003;2003;6;25;adv3;;Rulers of the Heavens;天空の覇者;classic
Ok;Ok;ADV;34;80;October 24, 2003;2003;10;24;adv4;;Magma VS Aqua: Two Ambitions;マグマVSアクア ふたつの野望;classic
Ok;;ADV;35;83;January 16, 2004;2004;1;16;adv5;;Undone Seal;とかれた封印;classic
Ok;;PCG;36;82;April 9, 2004;2004;4;9;pcg1;;Flight of Legends;伝説の飛翔;classic
Ok;;PCG;37;84;October 15, 2004;2004;10;15;pcg2;;Rocket Gang Strikes Back;ロケット団の逆襲;classic
Ok;;PCG;38;82;July 1, 2004;2004;7;1;pcg3;;Clash of the Blue Sky;蒼空の激突;classic
Ok;;PCG;39;106;April 8, 2005;2005;4;8;pcg4;;Golden Sky, Silvery Ocean;金の空、銀の海;classic
Ok;;PCG;40;86;October 28, 2005;2005;10;28;pcg5;;Holon Research Tower;ホロンの研究塔;classic
Ok;;PCG;41;86;June 30, 2005;2005;6;30;pcg6;;Mirage Forest;まぼろしの森;classic
Ok;;PCG;42;52;January 27, 2006;2006;1;27;pcg7;;Holon Phantom;ホロンの幻影;classic
Ok;;PCG;43;75;March 10, 2006;2006;3;10;pcg8;;Miracle Crystal;きせきの結晶;classic
Ok;;PCG;44;68;June 29, 2006;2006;6;29;pcg9;;Offense and Defense of the Furthest Ends;さいはての攻防;classic
Ok;;PCG;45;108;July 5, 2007;2007;6;5;pcg10;;World Champions Pack;ワールドチャンピオンズパック;classic
Ok;;Diamond & Pearl;46;117;November 30, 2006;2006;11;30;dp1d;;Space-Time Creation (Diamond);時空の創造;classic
Ok;;Diamond & Pearl;47;119;November 30, 2006;2006;11;30;dp1p;;Space-Time Creation (Pearl);時空の創造;classic
V-U;;Diamond & Pearl;48;131;March 2, 2007;2007;3;2;dp2;;Secret of the Lakes;湖の秘密;classic
V-U;;Diamond & Pearl;49;119;July 5, 2007;2007;7;5;dp3;;Shining Darkness;ひかる闇;classic
V-U;;Diamond & Pearl;50;70;October 26, 2007;2007;10;26;dp4a;;Moonlit Pursuit;月光の追跡;classic
V-U;;Diamond & Pearl;51;70;October 26, 2007;2007;10;26;dp4b;;Dawn Dash;夜明けの疾走;classic
V-U;;Diamond & Pearl;52;65;March 14, 2008;2008;3;14;dp5a;;Cry from the Mysterious;秘境の叫び;classic
V-U;;Diamond & Pearl;53;65;March 14, 2008;2008;3;14;dp5b;;Temple of Anger;怒りの神殿;classic
V-U;;Diamond & Pearl;54;92;July 10, 2008;2008;7;10;dp6;;Intense Fight in the Destroyed Sky;破空の激闘;classic
Ok;;DPt;55;96;October 10, 2008;2008;10;10;pt1;;Galactic's Conquest;ギンガの覇道;classic
Ok;;DPt;56;90;December 26, 2008;2008;12;26;pt2;;Bonds to the End of Time;時の果ての絆;classic
Ok;;DPt;57;100;March 6, 2009;2009;3;6;pt3;;Beat of the Frontier;フロンティアの鼓動;classic
Ok;;DPt;58;90;July 8, 2009;2009;7;8;pt4;;Advent of Arceus;アルセウス光臨;classic
;;Legend;59;79;September 1, 2009;2009;9;1;lpp;;L-P Promotional cards;;promo
Ok;;Legend;60;70;October 9, 2009;2009;10;9;l1a;;HeartGold Collection;ハートゴールドコレクション;classic
Ok;;Legend;61;70;October 9, 2009;2009;10;9;l1b;;SoulSilver Collection;ソウルシルバーコレクション;classic
;;Legend;62;;November 20, 2009;2009;11;20;lbsd;;Battle Starter Decks;バトルスタートデッキ;decks
;;Legend;63;10;November 20, 2009;2009;11;20;tbsd;lbsd;Torterra Battle Starter Deck;;deck
;;Legend;64;9;November 20, 2009;2009;11;20;mbsd;lbsd;Magmortar Battle Starter Deck;;deck
;;Legend;65;10;November 20, 2009;2009;11;20;bbsd;lbsd;Blastoise Battle Starter Deck;;deck
;;Legend;66;11;November 20, 2009;2009;11;20;rbsd;lbsd;Raichu Battle Starter Deck;;deck
;;Legend;67;;November 20, 2009;2009;11;20;lmed;;Leafeon vs Metagross Expert Deck;エキスパートデッキ リーフィアVSメタグロス;decks
;;Legend;68;15;November 20, 2009;2009;11;20;ld;lmed;Leafeon Deck;;deck
;;Legend;69;14;November 20, 2009;2009;11;20;md;lmed;Metagross Deck;;deck
Ok;;Legend;70;40;January 1, 2010;2010;1;1;ll;;Lost Link;ロストリンク;classic
Ok;;Legend;71;80;February 11, 2010;2010;2;11;l2;;Reviving Legends;よみがえる伝説;classic
;;Legend;72;19;February 11, 2010;2010;2;11;scsd;;Steelix Constructed Standard Deck;構築スタンダードデッキ ハガネール鋼;deck
;;Legend;73;19;February 11, 2010;2010;2;11;tcsd;;Tyranitar Constructed Standard Deck;構築スタンダードデッキ バンギラス悪;deck
Ok;;Legend;74;80;July 8, 2010;2010;7;8;l3;;Clash at the Summit;頂上大激突;classic
;;Black & White;75;9;September 18, 2010;2010;9;18;bwmdc;;McDonald's Collection;コレクションシート 旅立ちの仲間;macdo
;;Black & White;76;37;October 29, 2010;2010;10;29;bwhs;;Beginning Set;はじめてセット;bset
;;Black & White;77;229;December 1, 2010;2010;12;1;bwpromo;;BW-P Promotional cards;;promo
V-U;;Black & White;78;53;December 17, 2010;2010;12;17;bw1a;;Black Collection;ブラックコレクション;classic
V-U;;Black & White;79;53;December 17, 2010;2010;12;17;bw1b;;White Collection;ホワイトコレクション;classic
;;Black & White;80;;March 18, 2011;2011;3;18;bwbsd;;Battle Strength Decks;バトル強化デッキ;decks
;;Black & White;81;14;March 18, 2011;2011;3;18;vbsd;bwbsd;Virizion Battle Strength Deck;;deck
;;Black & White;82;14;March 18, 2011;2011;3;18;tbsd;bwbsd;Terrakion Battle Strength Deck;;deck
;;Black & White;83;14;March 18, 2011;2011;3;18;cbsd;bwbsd;Cobalion Battle Strength Deck;;deck
;;Black & White;84;21;June 17, 2011;2011;6;17;bwbtdv;;Battle Theme Deck: Victini;バトルテーマデッキ ビクティニ;deck
V-U;;Black & White;85;66;July 15, 2011;2011;7;15;bw2;;Red Collection;レッドコレクション;classic
;;Black & White;86;34;August 5, 2011;2011;8;5;hs+;;Beginning Set Plus Version;はじめてセット;bset
V-U;;Black & White;87;52;September 16, 2011;2011;9;16;bw3a;;Psycho Drive;サイコドライブ;classic
V-U;;Black & White;88;52;September 16, 2011;2011;9;16;bw3b;;Hail Blizzard;ヘイルブリザード;classic
;;Black & White;89;18;October 21, 2011;2011;10;21;bkr;;Reshiram-EX Battle Strength Deck;バトル強化デッキ６０「レシラムＥＸ」;deck
;;Black & White;90;18;October 21, 2011;2011;10;21;bkz;;Zekrom-EX Battle Strength Deck;バトル強化デッキ６０「ゼクロムＥＸ」;deck
;;Black & White;91;34;November 18, 2011;2011;11;18;hsp;;Beginning Set Pikachu;はじめてセット;bset
;;Black & White;92;20;November 18, 2011;2011;11;18;bgs;;Battle Gift Set: Thundurus vs Tornadus;バトルギフトセット「ボルトロスＶＳトルネロス」;gset
V-U;;Black & White;93;69;December 16, 2011;2011;12;16;bw4;;Dark Rush;ダークラッシュ;classic
;;Black & White;94;20;January 27, 2012;2012;1;27;bwds;;Dragon Vault;ドラゴンセレクション;promo
V-U;;Black & White;95;50;March 16, 2012;2012;3;16;bw5a;;Dragon Blast;リューズブラスト;classic
V-U;;Black & White;96;50;March 16, 2012;2012;3;16;bw5b;;Dragon Blade;リューノブレード;classic
;;Black & White;97;15;March 16, 2012;2012;3;16;hhd;;Hydreigon Half Deck;サザンドラデッキ30;hdeck
;;Black & White;98;15;March 16, 2012;2012;3;16;ghd;;Garchomp Half Deck;ガブリアスデッキ30;hdeck
;;Black & White;99;15;April 20, 2012;2012;4;20;kld;;Keldeo Battle Strength Deck;バトル強化デッキ30 ケルディオ;deck
;;Black & White;100;34;April 20, 2012;2012;4;20;hsz;;National Beginning Set;はじめてセット 全国図鑑版セット;bset
;;Black & White;101;14;April 20, 2012;2012;4;20;shd;hsz;Snivy Half Deck;;hdeck
;;Black & White;102;14;April 20, 2012;2012;4;20;thd;hsz;Tepig Half Deck;;hdeck
;;Black & White;103;14;April 20, 2012;2012;4;20;ohd;hsz;Oshawott Half Deck;;hdeck
V-U;;Black & White;104;59;July 13, 2012;2012;7;13;bw6a;;Freeze Bolt;フリーズボルト;classic
V-U;;Black & White;105;59;July 13, 2012;2012;7;13;bw6b;;Cold Flare;コールドフレア;classic
V-U;;Black & White;106;70;September 14, 2012;2012;9;14;bw7;;Plasma Gale;プラズマゲイル;classic
;;Black & White;107;17;September 14, 2012;2012;9;14;ppd;;Team Plasma's Powered Half Deck;プラズマ団パワードデッキ30;hdeck
;;Black & White;108;46;September 14, 2012;2012;9;14;mdb;;Master Deck Build Box EX;40枚　マスターデッキビルドBOX EX;deck
;;Black & White;109;18;October 19, 2012;2012;10;19;bkb;;Black Kyurem-EX Battle Strength Deck;バトル強化デッキ６０ ブラックキュレムＥＸ;deck
;;Black & White;110;18;October 19, 2012;2012;10;19;bkw;;White Kyurem-EX Battle Strength Deck;バトル強化デッキ６０ ホワイトキュレムＥＸ;deck
;;Black & White;111;16;November 16, 2012;2012;11;16;pbg;;Team Plasma Battle Gift Set;プラズマ団バトルギフトセット;gset
;;Black & White;112;47;November 16, 2012;2012;11;16;wak;;Everyone's Exciting Battle;みんなのWAKUWAKUバトル;deck
V-U;;Black & White;113;51;December 14, 2012;2012;12;14;bw8a;;Spiral Force;ラセンフォース;classic
V-U;;Black & White;114;51;December 14, 2012;2012;12;14;bw8b;;Thunder Knuckle;ライデンナックル;classic
;;Black & White;115;20;February 1, 2013;2013;2;1;sc;;Shiny Collection;シャイニーコレクション;promo
V-U;;Black & White;116;76;March 15, 2013;2013;3;15;bw9;;Megalo Cannon;メガロキャノン;classic
;;Black & White;117;18;March 15, 2013;2013;3;15;k+k;;Blastoise + Kyurem-EX Combo Deck;最強爆流コンボデッキ60 カメックス＋キュレムEX;deck
V-U;;Black & White;118;93;July 13, 2013;2013;7;13;ebb;;EX Battle Boost;EXバトルブースト;classic
;;Black & White;119;;July 13, 2013;2013;7;13;mgdk;;Mewtwo vs Genesect Deck Kit;;decks
;;Black & White;120;16;July 13, 2013;2013;7;13;mhd;mgdk;Mewtwo Half Deck;;hdeck
;;Black & White;121;16;July 13, 2013;2013;7;13;ghd;mgdk;Genesect Half Deck;;hdeck
;;XY;122;453;August 1, 2013;2013;8;1;xypromo;;XY-P Promotional cards;;promo
V-U;;XY;123;39;November 8, 2013;2013;11;8;hxy;;XY Beginning Set;はじめてセット;bset
;;XY;124;;November 8, 2013;2013;11;8;chdb;hxy;Chespin Half Deck (Boys);;hdeck
;;XY;125;;November 8, 2013;2013;11;8;fehdb;hxy;Fennekin Half Deck (Boys);;hdeck
;;XY;126;;November 8, 2013;2013;11;8;frhdb;hxy;Froakie Half Deck (Boys);;hdeck
;;XY;127;;November 8, 2013;2013;11;8;chdg;hxy;Chespin Half Deck (Girls);;hdeck
;;XY;128;;November 8, 2013;2013;11;8;fehdg;hxy;Fennekin Half Deck (Girls);;hdeck
;;XY;129;;November 8, 2013;2013;11;8;frhdg;hxy;Froakie Half Deck (Girls);;hdeck
V-U;;XY;130;60;December 13, 2013;2013;12;13;xy1a;;Collection X;コレクションX;classic
V-U;;XY;131;60;December 13, 2013;2013;12;13;xy1b;;Collection Y;コレクションY;classic
;;XY;132;14;January 31, 2014;2014;1;31;x30;;Xerneas Half Deck;ゼルネアスデッキ30;hdeck
;;XY;133;14;January 31, 2014;2014;1;31;y30;;Yveltal Half Deck;イベルタルデッキ30;hdeck
V-U;;XY;134;80;March 15, 2014;2014;3;15;xy2;;Wild Blaze;ワイルドブレイズ;classic
;;XY;135;21;March 15, 2014;2014;3;15;xya;;M Charizard-EX Mega Battle Deck;メガバトルデッキ60 MリザードンEX;deck
V-U;;XY;136;96;June 14, 2014;2014;6;14;xy3;;Rising Fist;ライジングフィスト;classic
V-U;;XY;137;88;September 13, 2014;2014;9;13;xy4;;Phantom Gate;ファントムゲート;classic
;;XY;138;18;September 13, 2014;2014;9;13;xyb;;Hyper Metal Chain Deck;ハイパーメタルチェーンデッキ;deck
;;XY;139;23;November 14, 2014;2014;11;14;xyc;;Super Legend Set : Xerneas-EX & Yveltal-EX;スーパーレジェンドセット60 ゼルネアスEX・イベルタルEX;deck
V-U;;XY;140;70;December 13, 2014;2014;12;13;xy5a;;Gaia Volcano;ガイアボルケーノ;classic
V-U;;XY;141;70;December 13, 2014;2014;12;13;xy5b;;Tidal Storm;タイダルストーム;classic
V-U;;XY;142;34;January 30, 2015;2015;1;30;cp1;;Magma Gang vs Aqua Gang: Double Crisis;マグマ団VSアクア団ダブルクライシス;classic
V-U;;XY;143;78;March 14, 2015;2015;3;14;xy6;;Emerald Break;エメラルドブレイク;classic
;;XY;144;18;March 14, 2015;2015;3;14;xyd;;M Rayquaza-EX Mega Battle Deck;メガバトルデッキ60 MレックウザEX;deck
V-U;;XY;145;81;June 20, 2015;2015;6;20;xy7;;Bandit Ring;バンデッドリング;classic
V-U;;XY;146;27;July 18, 2015;2015;7;18;cp2;;Legendary Holo Collection;伝説キラコレクション;classic
;;XY;147;22;July 18, 2015;2015;7;18;;;Emboar-EX vs Togekiss-EX Deck Kit;対戦スタートセット30「エンブオーEX VS トゲキッスEX;deck
;;XY;148;14;July 18, 2015;2015;7;18;;;Emboar-EX Half Deck;;hdeck
;;XY;149;14;July 18, 2015;2015;7;18;;;Togekiss-EX Half Deck;;hdeck
;;XY;150;49;August 7, 2015;2015;8;7;;;M Master Deck Build Box Power Style;MマスターデッキビルドBOX パワースタイル;deck
;;XY;151;49;August 7, 2015;2015;8;7;;;M Master Deck Build Box Speed Style;MマスターデッキビルドBOX スピードスタイル;deck
V-U;;XY;152;59;September 26, 2015;2015;9;26;xy8a;;Blue Impact;青い衝撃;classic
V-U;;XY;153;59;September 26, 2015;2015;9;26;xy8b;;Red Flash;赤い閃光;classic
;;XY;154;10;September 26, 2015;2015;9;26;;;Raichu BREAK Evolution Pack;進化パック ライチュウBREAK;true
;;XY;155;10;September 26, 2015;2015;9;26;;;Noivern BREAK Evolution Pack;進化パック「オンバーンBREAK;true
;;XY;156;16;October 9, 2015;2015;10;9;;;Golduck BREAK + Palkia-EX Combo Deck;BREAKコンボデッキ60ゴルダックBREAK+パルキアEX;true
V-U;;XY;157;80;December 11, 2015;2015;12;11;xy9;;Rage of the Broken Sky;破天の怒り;classic
;;XY;158;11;December 26, 2015;2015;12;26;;;Grass/Fighting Battle Strength Set;バトル強化セット 草/闘;true
;;XY;159;11;December 26, 2015;2015;12;26;;;Fire/Lightning Battle Strength Set;バトル強化セット炎/雷;true
;;XY;160;11;December 26, 2015;2015;12;26;;;Water/Psychic Battle Strength Set;バトル強化セット 水/超;true
V-U;;XY;161;32;January 29, 2016;2016;1;29;cp3;;Pokekyun Collection;ポケキュンコレクション;classic
V-U;;XY;162;72;February 27, 2016;2016;2;27;20th;;Starter Pack;スターターパック;classic
V-U;;XY;163;78;March 18, 2016;2016;3;18;xy10;;Awakening of Psychic Kings;めざめる超王;classic
;;XY;164;19;March 18, 2016;2016;3;18;xyg;;Zygarde-EX Perfect Battle Deck;パーフェクトバトルデッキ60 ジガルデEX;true
;;XY;165;26;March 18, 2016;2016;3;18;xyh;;M Audino-EX Mega Battle Deck;メガバトルデッキ60 MメガタブンネEX;true
V-U;;XY;166;131;April 16, 2016;2016;4;16;cp4;;Premium Champion Pack: EX x M x BREAK;プレミアムチャンピオンパック EX×M×BREAK;classic
V-U;;XY;167;54;June 17, 2016;2016;6;17;xy11a;;Ruthless Rebel;爆熱の闘士;classic
V-U;;XY;168;54;June 17, 2016;2016;6;17;xy11b;;Explosive Warrior;冷酷の反逆者;classic
V-U;;XY;169;36;July 16, 2016;2016;7;16;cp5;;Mythical / Legendary Dream Holo Collection;幻・伝説ドリームキラコレクション;classic
V-U;;XY;170;87;September 16, 2016;2016;9;16;cp6;;Expansion Pack 20th Anniversary;拡張パック 20th Anniversary;classic
V-U;;XY;171;171;April 21, 2017;2017;4;21;xy;;The Best of XY;ハイクラスパック THE BEST OF XY;classic
;;Sun & Moon;172;408;November 1, 2016;2016;11;1;smpromo;;SM-P Promotional;;true
;;Sun & Moon;173;4;November 18, 2016;2016;11;18;;;Pikachu's New Friends Collection;ピカチュウと新しい仲間たち;true
V-U;;Sun & Moon;174;60;December 9, 2016;2016;12;9;sm1s;;Collection Sun;コレクションサン;classic
V-U;;Sun & Moon;175;60;December 9, 2016;2016;12;9;sm1m;;Collection Moon;コレクションムーン;classic
;;Sun & Moon;176;59;December 9, 2016;2016;12;9;;;Sun & Moon Starter Set;スターターセット;true
;;Sun & Moon;177;18;December 9, 2016;2016;12;9;;;Premium Trainer Box;プレミアムトレーナーボックス;true
;;Sun & Moon;178;13;December 15, 2016;2016;12;15;;;Rockruff Full Power Deck;イワンコ全力デッキ;true
;;Sun & Moon;179;51;January 27, 2017;2017;1;27;sm1p;;Strength Expansion Pack Sun & Moon;強化拡張パック サン&ムーン;true
V-U;;Sun & Moon;180;50;March 17, 2017;2017;3;17;sm2k;;Islands Await You;キミを待つ島々;classic
V-U;;Sun & Moon;181;50;March 17, 2017;2017;3;17;sm2l;;Alolan Moonlight;アローラの月光;classic
;;Sun & Moon;182;21;March 17, 2017;2017;3;17;;;Tapu Bulu-GX Enhanced Starter Set;スターターセット改造 カプ・ブルルGX;true
;;Sun & Moon;183;49;April 21, 2017;2017;4;21;sm2p;;Facing a New Trial;強化拡張パック 新たなる試練の向こう;classic
;;Sun & Moon;184;;April 21, 2017;2017;4;21;;;Ash vs Team Rocket Deck Kit;30枚デッキ対戦セット「サトシVSロケット団」;true
;;Sun & Moon;185;14;April 21, 2017;2017;4;21;;;Ash Half Deck;サトシ;true
;;Sun & Moon;186;14;April 21, 2017;2017;4;21;;;Team Rocket Half Deck;ロケット団;true
V-U;;Sun & Moon;187;51;June 16, 2017;2017;6;16;sm3h;;Rainbow Battle;闘う虹を見たか;classic
V-U;;Sun & Moon;188;51;June 16, 2017;2017;6;16;sm3n;;Consuming Darkness;光を喰らう闇;classic
V-U;;Sun & Moon;189;72;July 15, 2017;2017;7;15;sm3p;;Strength Expansion Pack Shining Legends;強化拡張パック ひかる伝説;classic
V-U;;Sun & Moon;190;50;September 15, 2017;2017;9;15;sm4s;;The Awoken Hero;覚醒の勇者;classic
V-U;;Sun & Moon;191;50;September 15, 2017;2017;9;15;sm4a;;The Transdimensional Beast;超次元の暴獣;classic
V-U;;Sun & Moon;192;114;October 20, 2017;2017;10;20;sm4p;;GX Battle Boost;ハイクラスパック GXバトルブースト;classic
;;Sun & Moon;193;21;November 10, 2017;2017;11;10;;;Solgaleo-GX & Lunala-GX Legendary Starter Set;スターターセット伝説 ソルガレオGX ルナアーラGX;true
V-U;;Sun & Moon;194;66;December 8, 2017;2017;12;8;sm5s;;Ultra Sun;ウルトラサン;classic
V-U;;Sun & Moon;195;66;December 8, 2017;2017;12;8;sm5m;;Ultra Moon;ウルトラムーン;classic
;;Sun & Moon;196;20;December 8, 2017;2017;12;8;;;Ultra Sun & Ultra Moon Premium Trainer Box;プレミアムトレーナーボックス ウルトラサン・ウルトラムーン;true
V-U;;Sun & Moon;197;50;January 19, 2018;2018;1;19;sm5p;;Ultra Force;強化拡張パック ウルトラフォース;classic
;;Sun & Moon;198;41;February 16, 2018;2018;2;16;;;Ultra Sun & Ultra Moon Deck Build Boxes;デッキビルドBOX ウルトラサン ウルトラムーン;true
;;Sun & Moon;199;28;February 16, 2018;2018;2;16;;;Ultra Sun Deck Build Box;デッキビルドBOX ウルトラサン;true
;;Sun & Moon;200;28;February 16, 2018;2018;2;16;;;Ultra Moon Deck Build Box;デッキビルドBOX ウルトラムーン;true
V-U;;Sun & Moon;201;94;March 2, 2018;2018;3;2;sm6;;Forbidden Light;禁断の光;classic
V-U;;Sun & Moon;202;53;April 6, 2018;2018;4;6;sm6a;;Strength Expansion Pack Dragon Storm;強化拡張パック ドラゴンストーム;classic
V-U;;Sun & Moon;203;66;May 3, 2018;2018;5;3;sm6b;;Champion Road;強化拡張パック チャンピオンロード;classic
V-U;;Sun & Moon;204;96;June 1, 2018;2018;6;1;sm7;;Sky-Splitting Charisma;裂空のカリスマ;classic
V-U;;Sun & Moon;205;60;July 6, 2018;2018;7;6;sm7a;;Thunderclap Spark;強化拡張パック 迅雷スパーク;classic
;;Sun & Moon;206;131;July 13, 2018;2018;7;13;;;GX Starter Decks;GXスタートデッキ;true
;;Sun & Moon;207;;July 13, 2018;2018;7;13;;;Grass Lurantis-GX Deck;GXスタートデッキ 草ラランテス;true
;;Sun & Moon;208;;July 13, 2018;2018;7;13;;;Fire Charizard-GX Deck;GXスタートデッキ 炎リザードン;true
;;Sun & Moon;209;;July 13, 2018;2018;7;13;;;Water Lapras-GX Deck;GXスタートデッキ 水ラプラス;true
;;Sun & Moon;210;;July 13, 2018;2018;7;13;;;Lightning Raichu-GX Deck;GXスタートデッキ 雷ライチュウ;true
;;Sun & Moon;211;;July 13, 2018;2018;7;13;;;Psychic Mewtwo-GX Deck;GXスタートデッキ 超ミュウツー;true
;;Sun & Moon;212;;July 13, 2018;2018;7;13;;;Fighting Lycanroc-GX Deck;GXスタートデッキ 闘ルガルガン;true
;;Sun & Moon;213;;July 13, 2018;2018;7;13;;;Darkness Yveltal-GX Deck;GXスタートデッキ 悪イベルタル;true
;;Sun & Moon;214;;July 13, 2018;2018;7;13;;;Metal Metagross-GX Deck;GXスタートデッキ 鋼メタグロス;true
;;Sun & Moon;215;;July 13, 2018;2018;7;13;;;Fairy Xerneas-GX Deck;GXスタートデッキ フェアリーゼルネアス;true
V-U;;Sun & Moon;216;50;August 3, 2018;2018;8;3;sm7b;;Fairy Rise;強化拡張パック フェアリーライズ ;classic
V-U;;Sun & Moon;217;111;September 7, 2018;2018;9;7;sm8;;Explosive Impact;超爆インパクト;classic
V-U;;Sun & Moon;218;52;October 5, 2018;2018;10;5;sm8a;;Dark Order;強化拡張パック ダークオーダー;classic
V-U;;Sun & Moon;219;150;November 2, 2018;2018;11;2;sm8b;;Ultra Shiny GX;ハイクラスパック GXウルトラシャイニー;classic
;;Sun & Moon;220;;November 23, 2018;2018;11;23;;;Eevee-GX Starter Sets;スターターセット;true
;;Sun & Moon;221;;November 23, 2018;2018;11;23;;;Flareon-GX Starter Set Fire;スターターセット 炎のブースターGX;true
;;Sun & Moon;222;;November 23, 2018;2018;11;23;;;Vaporeon-GX Starter Set Water;スターターセット 水のシャワーズGX;true
;;Sun & Moon;223;;November 23, 2018;2018;11;23;;;Jolteon-GX Starter Set Lightning;スターターセット 雷のサンダースGX;true
V-U;;Sun & Moon;224;95;December 7, 2018;2018;12;7;sm9;;Tag Bolt;タッグボルト;classic
;;Sun & Moon;225;35;December 7, 2018;2018;12;7;;;Tag Team GX Premium Trainer Box;プレミアムトレーナーボックス TAG TEAM GX;true
V-U;;Sun & Moon;226;55;January 11, 2019;2019;1;11;sm9a;;Night Unison;強化拡張パック ナイトユニゾン;classic
;;Sun & Moon;227;31;January 25, 2019;2019;1;25;;;Trainer Battle Decks;トレーナーバトルデッキ;true
;;Sun & Moon;228;;January 25, 2019;2019;1;25;;;Brock of Pewter City Gym Trainer Battle Deck;トレーナーバトルデッキ：ニビシティジムのタケシ;true
;;Sun & Moon;229;;January 25, 2019;2019;1;25;;;Misty of Cerulean City Gym Trainer Battle Deck;トレーナーバトルデッキ：ハナダシティジムのカスミ;true
V-U;;Sun & Moon;230;54;February 1, 2019;2019;2;1;sm9b;;Full Metal Wall;強化拡張パック フルメタルウォール;classic
V-U;;Sun & Moon;231;95;March 1, 2019;2019;3;1;sm10;;Double Blaze;ダブルブレイズ;classic
;;Sun & Moon;232;29;March 1, 2019;2019;3;1;;;Tag Team GX Deck Build Box;デッキビルドBOX TAG TEAM GX;true
;;Sun & Moon;233;51;March 15, 2019;2019;3;15;;;Family Pokémon Card Game;ファミリーポケモンカードゲーム;true
;;Sun & Moon;234;;March 15, 2019;2019;3;15;;;Raichu Deck;;true
;;Sun & Moon;235;;March 15, 2019;2019;3;15;;;Charizard Deck;;true
;;Sun & Moon;236;;March 15, 2019;2019;3;15;;;Mewtwo Deck;;true
;;Sun & Moon;237;31;March 31, 2019;2019;3;31;;;Tag Team GX Starter Sets;スターターセット TAG TEAM GX;true
;;Sun & Moon;238;;March 31, 2019;2019;3;31;;;Espeon & Deoxys-GX Tag Team GX Starter Set;スターターセット TAG TEAM GX エーフィ＆デオキシスGX;true
;;Sun & Moon;239;;March 31, 2019;2019;3;31;;;Umbreon & Darkrai-GX Tag Team GX Starter Set;スターターセット TAG TEAM GX ブラッキー＆ダークライGX;true
V-U;;Sun & Moon;240;54;April 5, 2019;2019;4;5;sm10a;;GG End;強化拡張パック ジージーエンド;classic
V-U;;Sun & Moon;241;54;April 26, 2019;2019;4;26;sm10b;;Sky Legends;強化拡張パック スカイレジェンド;classic
V-U;;Sun & Moon;242;24;April 26, 2019;2019;4;26;smp2;;Detective Pikachu;ムービースペシャルパック 名探偵ピカチュウ;classic
V-U;;Sun & Moon;243;94;May 31, 2019;2019;5;31;sm11;;Miracle Twins;ミラクルツイン;classic
V-U;;Sun & Moon;244;64;July 5, 2019;2019;7;5;sm11a;;Remix Bout;強化拡張パック リミックスバウト;classic
V-U;;Sun & Moon;245;49;August 2, 2019;2019;8;2;sm11b;;Dream League;強化拡張パック ドリームリーグ;classic
V-U;;Sun & Moon;246;95;September 6, 2019;2019;9;6;sm12;;Alter Genesis;オルタージェネシス;classic
V-U;;Sun & Moon;247;173;October 4, 2019;2019;10;4;sm12a;;Tag Team GX All Stars;ハイクラスパック TAG TEAM GXタッグオールスターズ;classic
;;Sun & Moon;248;48;October 4, 2019;2019;10;4;;;Extra Regulation Box;エクストラレギュレーションBOX;true
;;Sword & Shield;249;167;November 1, 2019;2019;11;1;spromo;;S-P Promotional cards;;true
;;Sword & Shield;250;;November 29, 2019;2019;11;29;;;V Starter Sets;;true
;;Sword & Shield;251;23;November 29, 2019;2019;11;29;;;V Starter Set Grass;スターターセットV 草;true
;;Sword & Shield;252;23;November 29, 2019;2019;11;29;;;V Starter Set Fire;スターターセットV 炎;true
;;Sword & Shield;253;23;November 29, 2019;2019;11;29;;;V Starter Set Water;スターターセットV 水;true
;;Sword & Shield;254;24;November 29, 2019;2019;11;29;;;V Starter Set Lightning;スターターセットV 雷;true
;;Sword & Shield;255;24;November 29, 2019;2019;11;29;;;V Starter Set Fighting;スターターセットV 闘;true
V-U;;Sword & Shield;256;60;December 6, 2019;2019;12;6;s1w;;Sword;ソード;classic
V-U;;Sword & Shield;257;60;December 6, 2019;2019;12;6;s1h;;Shield;シールド;classic
;;Sword & Shield;258;24;December 6, 2019;2019;12;6;;;Sword & Shield Premium Trainer Box;プレミアムトレーナーボックス　ソード＆シールド;true
;;Sword & Shield;259;7;December 27, 2019;2019;12;27;;;Zacian + Zamazenta Box;ザシアン＋ザマゼンタBOX;true
V-U;;Sword & Shield;260;70;February 7, 2020;2020;2;7;s1a;;VMAX Rising;強化拡張パック VMAXライジング;classic
V-U;;Sword & Shield;261;96;March 6, 2020;2020;3;6;s2;;Rebellion Crash;反逆クラッシュ;classic
;;Sword & Shield;262;;March 27, 2020;2020;3;27;;;Charizard & Grimmsnarl VMAX Starter Sets;;true
;;Sword & Shield;263;21;March 27, 2020;2020;3;27;;;Charizard VMAX Starter Set;スターターセットVMAX　リザードン;true
;;Sword & Shield;264;20;March 27, 2020;2020;3;27;;;Grimmsnarl VMAX Starter Set;スターターセットVMAX　オーロンゲ;true
V-U;;Sword & Shield;265;70;April 24, 2020;2020;4;24;s2a;;Explosive Flame Walker;強化拡張パック 爆炎ウォーカー;classic
V-U;;Sword & Shield;266;100;June 5, 2020;2020;6;5;s3;;Infinity Zone;ムゲンゾーン;classic
V-U;;Sword & Shield;267;76;July 10, 2020;2020;7;10;s3a;;Legendary Heartbeat;強化拡張パック 伝説の鼓動;classic
;;Sword & Shield;268;127;July 10, 2020;2020;7;10;;;V Starter Decks;Vスタートデッキ;true
;;Sword & Shield;269;;July 10, 2020;2020;7;10;;;Grass Venusaur V Deck;Vスタートデッキ草フシギバナ;true
;;Sword & Shield;270;;July 10, 2020;2020;7;10;;;Fire Incineroar V Deck;Vスタートデッキ炎ガオガエン;true
;;Sword & Shield;271;;July 10, 2020;2020;7;10;;;Water Wailord V Deck;Vスタートデッキ水ホエルオー;true
;;Sword & Shield;272;;July 10, 2020;2020;7;10;;;Lightning Pikachu V Deck;Vスタートデッキ雷ピカチュウ;true
;;Sword & Shield;273;;July 10, 2020;2020;7;10;;;Psychic Mew V Deck;Vスタートデッキ超ミュウ;true
;;Sword & Shield;274;;July 10, 2020;2020;7;10;;;Fighting Lucario V Deck;Vスタートデッキ闘ルカリオ;true
;;Sword & Shield;275;;July 10, 2020;2020;7;10;;;Darkness Galarian Slowbro V Deck;Vスタートデッキ悪ガラルヤドラン;true
;;Sword & Shield;276;;July 10, 2020;2020;7;10;;;Metal Duraludon V Deck;Vスタートデッキ鋼ジュラルドン;true
;;Sword & Shield;277;;July 10, 2020;2020;7;10;;;Colorless Eevee V Deck;Vスタートデッキ無色イーブイ;true
V-U;;Sword & Shield;278;100;September 18, 2020;2020;9;18;s4;;Electrifying Tackle;仰天のボルテッカー;classic
;;Sword & Shield;279;4;October 23, 2020;2020;10;23;sp2;;VMAX Special Set;VMAXスペシャルセット;true
V-U;;Sword & Shield;280;190;November 20, 2020;2020;11;20;s4a;;Shiny Star V;ハイクラスパック シャイニースターV;classic
;;Sword & Shield;281;;December 4, 2020;2020;12;4;vbss;;Venusaur & Blastoise VMAX Starter Sets;スターターセットVMAX フシギバナ&カメックス;decks
;;Sword & Shield;282;21;December 4, 2020;2020;12;4;sef;vbss;Venusaur VMAX Starter Set;スターターセットVMAX フシギバナ;deck
;;Sword & Shield;283;20;December 4, 2020;2020;12;4;sek;vbss;Blastoise VMAX Starter Set;スターターセットVMAX カメックス;deck
;;Sword & Shield;284;70;January 22, 2021;2021;1;22;s5l;;Single Strike Master;一撃マスター;classic
;;Sword & Shield;285;70;January 22, 2021;2021;1;22;s5r;;Rapid Strike Master;連撃マスター;classic
;;Sword & Shield;286;70;March 19, 2021;2021;3;19;s5a;;Matchless Fighter;双璧のファイター;classic
;;Sword & Shield;287;6;April 23, 2021;2021;4;23;sp3;;Silver Lance & Jet Black Spirit Promo Set;ジャンボパックセット 白銀のランス＆漆黒のガイスト;promo
;;Sword & Shield;288;70;April 23, 2021;2021;4;23;s6k;;Jet Black Spirit;漆黒のガイスト;classic
;;Sword & Shield;289;70;April 23, 2021;2021;4;23;s6h;;Silver Lance;白銀のランス;classic
;;Sword & Shield;290;69;May 28, 2021;2021;5;28;s6a;;Eevee Heroes;イーブイヒーローズ;classic
;;Sword & Shield;291;67;July 9, 2021;2021;7;9;s7r;;Blue Sky Stream;蒼空ストリーム;nclassic
;;Sword & Shield;292;67;July 9, 2021;2021;7;9;s7d;;Perfect Skyscraper;摩天パーフェクト;nclassic